[{"name":"","petName":"코이 (믹스(혼합))","guardianName":"믹스코이엄마","contact":"010-2443-1788\n외 1개","grade":"","completed":17,"cancelled":1,"noShow":0,"membership":"보유 이용권 없음"},{"name":"","petName":"가람 (푸들)","guardianName":"푸들가람","contact":"010","grade":"","completed":1,"cancelled":0,"noShow":0,"membership":"보유 이용권 없음"},{"name":"+1","petName":"가루 (말티즈) 외 1","guardianName":"말티가루엄마","contact":"010-4271-0287","grade":"","completed":14,"cancelled":0,"noShow":0,"membership":"보유 이용권 없음"},{"name":"+1","petName":"가을 (말티즈) 외 1","guardianName":"말티가을요키뭉치엄마","contact":"010-9162-4246","grade":"","completed":3,"cancelled":0,"noShow":0,"membership":"보유 이용권 없음"},{"name":"","petName":"가을 (비숑 프리제)","guardianName":"비숑가을이엄마","contact":"010-3111-4302","grade":"","completed":5,"cancelled":0,"noShow":0,"membership":"보유 이용권 없음"},{"name":"","petName":"가을 (푸들)","guardianName":"푸들가을이유치원","contact":"010-6605-6703","grade":"","completed":106,"cancelled":0,"noShow":0,"membership":"정기권:9회"},{"name":"","petName":"가을이 (비숑 프리제)","guardianName":"비숑가을이엄마","contact":"010-7220-7980","grade":"","completed":1,"cancelled":0,"noShow":0,"membership":"보유 이용권 없음"},{"name":"","petName":"가을이 (푸들)","guardianName":"푸들가을이엄마","contact":"010-9547-1101","grade":"","completed":3,"cancelled":0,"noShow":0,"membership":"보유 이용권 없음"},{"name":"","petName":"가을이 (푸들)","guardianName":"푸들가을이(애플리)엄마","contact":"010-7549-2366","grade":"","completed":26,"cancelled":0,"noShow":0,"membership":"보유 이용권 없음"}]

