[
    {
        "name": "믹스코이엄마",
        "phone": "010-2443-1788",
        "guardianName": "믹스코이엄마",
        "pets": [
            {
                "name": "코이",
                "breed": "믹스(혼합"
            }
        ],
        "grade": "일반",
        "completedBookings": 17,
        "cancelledBookings": 1,
        "noShowBookings": 0,
        "membership": "보유 이용권 없음",
        "latestVisitInfo": {
            "completed": 17,
            "cancelled": 1,
            "noShow": 0
        }
    },
    {
        "name": "푸들가람",
        "phone": "010",
        "guardianName": "푸들가람",
        "pets": [
            {
                "name": "가람",
                "breed": "푸들"
            }
        ],
        "grade": "일반",
        "completedBookings": 1,
        "cancelledBookings": 0,
        "noShowBookings": 0,
        "membership": "보유 이용권 없음",
        "latestVisitInfo": {
            "completed": 1,
            "cancelled": 0,
            "noShow": 0
        }
    },
    {
        "name": "+1",
        "phone": "010-4271-0287",
        "guardianName": "말티가루엄마",
        "pets": [
            {
                "name": "가루",
                "breed": "말티즈 외 1"
            }
        ],
        "grade": "일반",
        "completedBookings": 14,
        "cancelledBookings": 0,
        "noShowBookings": 0,
        "membership": "보유 이용권 없음",
        "latestVisitInfo": {
            "completed": 14,
            "cancelled": 0,
            "noShow": 0
        }
    },
    {
        "name": "+1",
        "phone": "010-9162-4246",
        "guardianName": "말티가을요키뭉치엄마",
        "pets": [
            {
                "name": "가을",
                "breed": "말티즈 외 1"
            }
        ],
        "grade": "일반",
        "completedBookings": 3,
        "cancelledBookings": 0,
        "noShowBookings": 0,
        "membership": "보유 이용권 없음",
        "latestVisitInfo": {
            "completed": 3,
            "cancelled": 0,
            "noShow": 0
        }
    },
    {
        "name": "비숑가을이엄마",
        "phone": "010-3111-4302",
        "guardianName": "비숑가을이엄마",
        "pets": [
            {
                "name": "가을",
                "breed": "비숑 프리제"
            }
        ],
        "grade": "일반",
        "completedBookings": 5,
        "cancelledBookings": 0,
        "noShowBookings": 0,
        "membership": "보유 이용권 없음",
        "latestVisitInfo": {
            "completed": 5,
            "cancelled": 0,
            "noShow": 0
        }
    },
    {
        "name": "푸들가을이유치원",
        "phone": "010-6605-6703",
        "guardianName": "푸들가을이유치원",
        "pets": [
            {
                "name": "가을",
                "breed": "푸들"
            }
        ],
        "grade": "일반",
        "completedBookings": 106,
        "cancelledBookings": 0,
        "noShowBookings": 0,
        "membership": "정기권:9회",
        "latestVisitInfo": {
            "completed": 106,
            "cancelled": 0,
            "noShow": 0
        }
    },
    {
        "name": "비숑가을이엄마",
        "phone": "010-7220-7980",
        "guardianName": "비숑가을이엄마",
        "pets": [
            {
                "name": "가을이",
                "breed": "비숑 프리제"
            }
        ],
        "grade": "일반",
        "completedBookings": 1,
        "cancelledBookings": 0,
        "noShowBookings": 0,
        "membership": "보유 이용권 없음",
        "latestVisitInfo": {
            "completed": 1,
            "cancelled": 0,
            "noShow": 0
        }
    },
    {
        "name": "푸들가을이엄마",
        "phone": "010-9547-1101",
        "guardianName": "푸들가을이엄마",
        "pets": [
            {
                "name": "가을이",
                "breed": "푸들"
            }
        ],
        "grade": "일반",
        "completedBookings": 3,
        "cancelledBookings": 0,
        "noShowBookings": 0,
        "membership": "보유 이용권 없음",
        "latestVisitInfo": {
            "completed": 3,
            "cancelled": 0,
            "noShow": 0
        }
    },
    {
        "name": "푸들가을이(애플리)엄마",
        "phone": "010-7549-2366",
        "guardianName": "푸들가을이(애플리)엄마",
        "pets": [
            {
                "name": "가을이",
                "breed": "푸들"
            }
        ],
        "grade": "일반",
        "completedBookings": 26,
        "cancelledBookings": 0,
        "noShowBookings": 0,
        "membership": "보유 이용권 없음",
        "latestVisitInfo": {
            "completed": 26,
            "cancelled": 0,
            "noShow": 0
        }
    }
]